cell_length,89106_muR,89106_sigmaR,138683_muR,138683_sigmaR,184205_muR,184205_sigmaR,238915_muR,238915_sigmaR,278988_muR,278988_sigmaR,317503_muR,317503_sigmaR,361200_muR,361200_sigmaR,390696_muR,390696_sigmaR,419261_muR,419261_sigmaR,478731_muR,478731_sigmaR,529635_muR,529635_sigmaR,582479_muR,582479_sigmaR,609415_muR,609415_sigmaR,675535_muR,675535_sigmaR,857741_muR,857741_sigmaR,1050621_muR,1050621_sigmaR,1141084_muR,1141084_sigmaR,1247573_muR,1247573_sigmaR,1294874_muR,1294874_sigmaR,1343534_muR,1343534_sigmaR,1381955_muR,1381955_sigmaR,1434983_muR,1434983_sigmaR,1490213_muR,1490213_sigmaR,1544332_muR,1544332_sigmaR,1637533_muR,1637533_sigmaR,1691393_muR,1691393_sigmaR,1770230_muR,1770230_sigmaR,1843762_muR,1843762_sigmaR,1893823_muR,1893823_sigmaR,1939174_muR,1939174_sigmaR,2011787_muR,2011787_sigmaR,2068333_muR,2068333_sigmaR,2089891_muR,2089891_sigmaR,2119822_muR,2119822_sigmaR,2167711_muR,2167711_sigmaR,2228702_muR,2228702_sigmaR,2290211_muR,2290211_sigmaR,2358096_muR,2358096_sigmaR,2407106_muR,2407106_sigmaR,2476628_muR,2476628_sigmaR,2591047_muR,2591047_sigmaR,2700020_muR,2700020_sigmaR,2778037_muR,2778037_sigmaR,2818831_muR,2818831_sigmaR,2860445_muR,2860445_sigmaR,2887493_muR,2887493_sigmaR,2947724_muR,2947724_sigmaR,2995043_muR,2995043_sigmaR,3042391_muR,3042391_sigmaR,3059496_muR,3059496_sigmaR,3147273_muR,3147273_sigmaR,3186006_muR,3186006_sigmaR,3238409_muR,3238409_sigmaR,3322004_muR,3322004_sigmaR,3365537_muR,3365537_sigmaR,3418776_muR,3418776_sigmaR,3525463_muR,3525463_sigmaR,3563721_muR,3563721_sigmaR,3720965_muR,3720965_sigmaR,3817644_muR,3817644_sigmaR,3960236_muR,3960236_sigmaR,4158275_muR,4158275_sigmaR,4227578_muR,4227578_sigmaR,4252177_muR,4252177_sigmaR,4326932_muR,4326932_sigmaR,4362293_muR,4362293_sigmaR,4427841_muR,4427841_sigmaR,4569174_muR,4569174_sigmaR
1.88028772432352,0,0,0,0,0,0,0,0,0,0,0,0,0,0,0,0,0,0,0,0,0,0,0,0,0,0,0,0,0,0,0,0,0,0,0,0,0,0,0,0,0,0,0,0,0,0,0,0,0,0,0,0,0,0,0,0,0,0,0,0,0,0,0,0,0,0,0,0,0,0,0,0,0,0,0,0,0,0,0,0,0,0,0,0,0,0,0,0,0,0,0,0,0,0,0,0,0,0,0,0,0,0,0,0,0,0,0,0,0.0579969525061447,0.0331618504620825,0.0922952379933548,0.0700173753028318,0.115330796109495,0.086611188364653,0.0850930453239276,0.0817371740009692,0.111160825636777,0.0830147948891163,0.0885531736444268,0.0773015522069565,0.11185664039296,0.0824758467005497,0.0699104002456001,0.0670888726339464,0.040632813479379,0.0741071187602179,0.0699104002456001,0.0690738209316572,0.0885531736444268,0.0759777851661038,0.0496623275859076,0.0719399088700961,0.148986982757723,0.0453234078854477,NaN,NaN
1.92983488904096,0,0,0,0,0,0,0,0,0,0,0,0,0,0,0,0,0,0,0,0,0,0,0,0,0,0,0,0,0,0,0,0,0,0,0,0,0,0,0,0,0,0,0,0,0,0,0,0,0,0,0,0,0,0,0,0,0,0,0,0,0,0,0,0,0,0,0,0,0,0,0,0,0,0,0,0,0,0,0,0,0,0,0,0,0,0,0,0,0,0,0,0,0,0,0,0,0,0,0,0,0,0,0,0,0,0,0.0468616180898611,0.0289975398345084,0.0741072170911849,0.0467885492344623,0.0971528820982682,0.0725506301866462,0.113659335296314,0.0874793945351217,0.0900985185782763,0.0823932679504503,0.109549799178273,0.0818571355654764,0.090106738094329,0.0774672647798193,0.108749511493156,0.0831138925118818,0.0745710935953068,0.0672803929180486,0.0511672466036624,0.072220575708375,0.0714639646955023,0.0690952881219659,0.090106738094329,0.077165870351499,0.0662164367812101,0.0716058500968559,0.13243287356242,0.0507146415353875,NaN,NaN
1.98185131119398,0,0,0,0,0,0,0,0,0,0,0,0,0,0,0,0,0,0,0,0,0,0,0,0,0,0,0,0,0,0,0,0,0,0,0,0,0,0,0,0,0,0,0,0,0,0,0,0,0,0,0,0,0,0,0,0,0,0,0,0,0,0,0,0,0,0,0,0,0,0,0,0,0,0,0,0,0,0,0,0,0,0,0,0,0,0,0,0,0,0,0,0,0,0,0,0,0,0,0,0,0,0,0.0421377324971337,0.0195375249165804,0.00369613649639729,0.0306778650639647,0.0937232361797223,0.0594167476495769,0.103105693344257,0.0723936466197757,0.100391311501544,0.0766903515004377,0.113659335296314,0.0889681585739034,0.0967724829174079,0.0836091033066721,0.103105693344257,0.0835544233230444,0.0932138669941334,0.0783555192437564,0.108749511493156,0.084354893659735,0.0745710935953068,0.0686152722185989,0.0571869226746815,0.0752923567875424,0.0714639646955023,0.0704890964183168,0.090106738094329,0.0799753130949597,0.0722361128522293,0.0742825775780064,0.117383683384873,0.0618802481081455,NaN,NaN
2.03174849280555,0.0361180564261146,0.0260371605934323,0,0,0,0,0,0,0,0,0,0,0,0,0,0,0,0,0,0,0,0,0,0,0,0,0,0,0,0,0,0,0,0,0,0,0,0,0,0,0,0,0,0,0,0,0,0,0,0,0,0,0,0,0,0,0,0,0,0,0,0,0,0,0,0,0,0,0,0,0,0,0,0,0,0,0,0,0,0,0,0,0,0,0,0,0,0,0,0,0,0,0,0,0,0,0,0,0,0,0.0403926756974578,0.02726395967787,0.0782557889232484,0.0430261198370736,0.0369613649639729,0.0611742292499913,0.146833070014898,0.0880864098651829,0.0676631112571688,0.0778170222720164,0.103629740904819,0.0789808967919092,0.10697349204359,0.0911074126898726,0.0934355007478421,0.0839245838103128,0.0708851641741768,0.0845991862375495,0.0869996091945245,0.0805598537349125,0.105642382593351,0.0845832946118588,0.0807853513949157,0.0706027959461536,0.0722361128522293,0.0733938546415693,0.0714639646955023,0.0726134602844525,0.0838924802947201,0.0812524228109263,0.0963148171363057,0.0739750377718996,0.0993246551718152,0.0649052825342213,0.086995428759217,0.0702995637163399
2.08224668372979,0.0782557889232484,0.0539167650757225,0.00310712889980445,0.0304344148008462,0.0579969525061447,0.024597033053212,0,0,0,0,0,0,0,0,0,0,0,0,0,0,0,0,0,0,0,0,0,0,0,0,0,0,0,0,0,0,0,0,0,0,0,0,0,0,0,0,0,0,0,0,0,0,0,0,0,0,0,0,0,0,0,0,0,0,0,0,0,0,0,0,0,0,0,0,0,0,0,0,0,0,0,0,0,0,0,0,0,0,0,0,0,0,0,0,0,0,0.0257764233360643,0.0249889817418879,0.0354425820870884,0.0220287963586632,0.0776782224951112,0.0552177168453305,0.105344331242834,0.067473764736755,0.0406575014603701,0.092685952793966,0.146833070014898,0.0903951645726308,0.0676631112571688,0.0790016754817486,0.0971528820982682,0.080361528622957,0.10697349204359,0.0921921656245554,0.0900985185782763,0.0836396009767398,0.0676631112571688,0.0853100974025535,0.090106738094329,0.0801800963695258,0.118070898192569,0.0859842195209309,0.0807853513949157,0.071535576076927,0.0752459508877388,0.077232772354482,0.0714639646955023,0.0741351345404722,0.0838924802947201,0.0803497085153946,0.0842754649942675,0.0761653291033479,0.117383683384873,0.0675394030711712,0.086995428759217,0.0744050753806943
2.13411338058236,0.123403359455892,0.082988187258911,0.0403926756974578,0.0601518336427493,0.103105693344257,0.051564723946029,0.0299221072118927,0.0260488718908538,0,0,0,0,0,0,0,0,0,0,0,0,0,0,0,0,0,0,0,0,0,0,0,0,0,0,0,0,0,0,0,0,0,0,0,0,0,0,0,0,0,0,0,0,0,0,0,0,0,0,0,0,0,0,0,0,0,0,0,0,0,0,0,0,0,0,0,0,0,0,0,0,0,0,0,0,0,0,0,0,0,0,0,0,0.0782557889232484,0,0.0259074352262049,0.0226033833985968,0.0515528466721286,0.0521509269606947,0.0676631112571688,0.0456567805711098,0.114963769292765,0.0834858316305807,0.0902951410652866,0.0720862189853421,0.0665304569351511,0.0925985136794534,0.159329501505528,0.0898263366499957,0.0708851641741768,0.080966954093581,0.0647685880655121,0.083697921070004,0.113659335296314,0.0930373078623808,0.0934355007478421,0.0830037713346241,0.0644410583401607,0.0843462156851812,0.0869996091945246,0.0802111618881044,0.0869996091945246,0.0880779216336607,0.0807853513949157,0.0727255498763421,0.0782557889232484,0.076821318612548,0.0652497068958934,0.0743659062829753,0.0807853513949157,0.0817244048928832,0.0842754649942675,0.07435490885118,0.13544271159793,0.066176829226926,0.083773375842209,0.0747233106574228
2.18580869278412,0.126413197491401,0.0854551825673079,0.0776782224951112,0.0897416688976449,0.144992381265362,0.0784464702259132,0.0748052680297317,0.0457324595329664,0.02796416009824,0.0228055878901049,0.027088542319586,0.0213221475548392,0,0,0,0,0,0,0,0,0,0,0,0,0,0,0,0,0,0,0,0,0,0,0,0,0,0,0,0,0,0,0,0,0,0,0,0,0,0,0,0,0,0,0,0,0,0,0,0,0,0,0,0,0,0,0,0,0,0,0,0,0,0,0,0,0,0,0,0,0,0,0,0,0,0,0,0,0.041422993614658,0.0162885272901163,0.00310712889980445,0.0224018641282862,0.123403359455892,0.0223283940875206,0.0518148704524097,0.0454242190860452,0.0676631112571688,0.0793827855816706,0.0934395345932331,0.0709982194609574,0.11185664039296,0.0850190669052747,0.0812656269587579,0.0729307696154218,0.0369613649639729,0.0931060617755272,0.171825932996157,0.0899280981786921,0.0998836404272492,0.0804240698681434,0.0712454468720633,0.0822496471160803,0.127031021801763,0.0928610626415049,0.0667396433913158,0.0838437838350997,0.0644410583401607,0.0839929534125174,0.0932138669941334,0.0790144081424753,0.0869996091945246,0.0879584677514196,0.0714639646955023,0.0741665052098736,0.0812656269587579,0.0784545356985196,0.0559283201964801,0.0750720466864157,0.102535253693547,0.0789220730811581,0.0812656269587579,0.0772441406077894,0.162531253917516,0.0649749705425271,0.0773292700081929,0.0760335290306028
2.23670964585965,0.138452549633439,0.0855408703468559,0.114963769292765,0.0893972964615913,0.13210416959733,0.0806839738356574,0.113704007405192,0.066292675102933,0.0559283201964801,0.0463380266931951,0.060196760710191,0.0429229250429678,0.0404755892483359,0.0248015935356985,0.0372855467976534,0.0250912050788833,0.0714639646955023,0.0203519894993272,0,0,0,0,0,0,0,0,0,0,0,0,0,0,0,0,0,0,0,0,0,0,0,0,0,0,0,0,0,0,0,0,0,0,0,0,0,0,0,0,0,0,0,0,0,0,0,0,0,0,0,0,0,0,0,0,0,0,0,0,0,0,0,0,0,0,0.0559283201964801,0.0113928059659496,0.0310712889980445,0.026551236890779,0.0690383226910967,0.0397322547971551,0.0248570311984356,0.0458978879461112,0.174570606059554,0.0444448404567643,0.0712454468720633,0.0703552150877861,0.0644410583401607,0.0816484474432764,0.083773375842209,0.0742970664631308,0.102535253693547,0.086858566834994,0.0752459508877388,0.0738978603617328,0.0628343204387539,0.0924837122482502,0.184322364486787,0.0887316653347095,0.0966615875102411,0.0811780050992177,0.074483876275339,0.0821073809753153,0.123688100175401,0.0930363155967176,0.06340266122175,0.0836165441962306,0.0676631112571688,0.0836950145790532,0.0963209958939379,0.0818099506553743,0.0714639646955023,0.087682941695648,0.0683568357956979,0.0747394341108505,0.0782557889232484,0.0782304732393766,0.0590354490962845,0.074987392903408,0.0963209958939379,0.080675177753902,0.0842754649942675,0.0780114482835064,0.165541091953025,0.0646694699647319,0.0773292700081929,0.0767028945174413
2.28628689764183,0.144472225704459,0.0848656127323364,0.11185664039296,0.0899363307230772,0.13210416959733,0.0802418934987062,0.125672850289949,0.0596656058612876,0.0838924802947201,0.0685737582234599,0.0902951410652866,0.0655290366830282,0.0747241647661585,0.0500948264639079,0.0807853513949157,0.0518276212552969,0.133606542691591,0.0491559821427873,0.00300983803550955,0.0314086809982308,0,0,0,0,0,0,0,0,0,0,0,0,0,0,0,0,0,0,0,0,0,0,0,0,0,0,0,0,0,0,0,0,0,0,0,0,0,0,0,0,0,0,0,0,0,0,0,0,0,0,0,0,0,0,0,0,0,0,0,0,0,0,0.00310712889980445,0.028149535776574,0.0869996091945246,0.0359732596799307,0.0559283201964801,0.0538519258649317,0.0828459872293161,0.0641839184171847,0.0497140623968712,0.0699543599479596,0.13544271159793,0.0672541984196621,0.0712454468720633,0.0720113546832375,0.0547748995891366,0.0817911935479305,0.0805513229252009,0.0773462287849205,0.0994281247937423,0.0881997271410357,0.0782557889232484,0.0739552495590441,0.0369613649639729,0.093707825738467,0.18119825661413,0.0885365587469447,0.103105693344257,0.0797289015928048,0.100391311501544,0.0814427075079456,0.117002256922677,0.092161989520163,0.0533917147130526,0.084590057737889,0.0805513229252009,0.0839971704360652,0.0994281247937423,0.0814298482110741,0.11185664039296,0.085327984382354,0.0590354490962845,0.0759204706131259,0.0692262748167197,0.0791385049829895,0.0559283201964801,0.0754347072495283,0.105642382593351,0.076661068509116,0.0722361128522293,0.0822522211027129,0.156511577846497,0.0730496611461135,0.0741072170911849,0.0768723988451599
2.33661821678101,0.159521415882006,0.0849228378298748,0.114963769292765,0.0908588271624469,0.135326222514338,0.0812404027694482,0.125672850289949,0.0635318700139965,0.0590354490962845,0.0714558064624942,0.0963148171363057,0.0674695396916389,0.108972740283981,0.0749268837875661,0.114963769292765,0.0775504323071024,0.19574912068768,0.0769187102431685,0.0571869226746815,0.0590569242673218,0.0499857259625185,0.0272917203612595,0.0372855467976534,0.025804082951535,0,0,0,0,0,0,0,0,0,0,0,0,0,0,0,0,0,0,0,0,0,0,0,0,0,0,0,0,0,0,0,0,0,0,0,0,0,0,0,0,0,0,0,0,0,0,0,0,0,0,0,0,0,0,0,0,0,0,0.0062142577996089,0.0593840255166942,0.124285155992178,0.0596037280874649,0.0590354490962845,0.0825425944497958,0.0483268258837677,0.0733425418548084,0.0683568357956979,0.0714058755585198,0.129423035526911,0.0725812703790502,0.0647685880655121,0.07384791127423,0.0418866879211045,0.0829297316722092,0.0773292700081929,0.0791725829822234,0.0932138669941335,0.0888178821766451,0.0782557889232484,0.0722309747976016,0.0369613649639729,0.0943040748248158,0.178074148741472,0.089321109847159,0.0741072170911849,0.0803827199420373,0.090676023291717,0.0822199080593076,0.110316413669952,0.0912966399902489,0.0767505899000132,0.0840982857900948,0.115993905012289,0.0819401192993042,0.105642382593351,0.0837684785145899,0.11185664039296,0.0861361528435171,0.0652497068958934,0.074932675950195,0.0752459508877388,0.0793209590842993,0.062142577996089,0.0739131603871992,0.090106738094329,0.0803238607823325,0.0902951410652866,0.0771265985605397,0.141462387668949,0.0746517112115463,0.0805513229252009,0.0749900930557803
2.38920609651835,0.162531253917516,0.0857955727442593,0.114963769292765,0.0904521824957438,0.138548275431346,0.0825064205373068,0.131657271732328,0.0612720057620711,0.0559283201964801,0.0717557056267229,0.0662164367812102,0.0719755163513235,0.105859233418725,0.0745778933568264,0.114963769292765,0.0789633389872702,0.186427733988267,0.0846240172821314,0.123403359455892,0.0838417198686264,0.0999714519250371,0.0554520275947167,0.0869996091945246,0.0485540359881676,0.0541770846391719,0.0288298514665874,0.0225543704190563,0.0243240300293755,0,0,0,0,0,0,0,0,0,0,0,0,0,0,0,0,0,0,0,0,0,0,0,0,0,0,0,0,0,0,0,0,0,0,0,0,0,0,0,0,0,0,0,0,0,0,0,0,0,0,0,0,0.0403926756974578,0.0267508532630562,0.062142577996089,0.0858155681475768,0.0963209958939379,0.0723359986594865,0.0497140623968712,0.083516100379996,0.0310672452109935,0.0753421791471884,0.0714639646955023,0.0719993752426283,0.123403359455892,0.0722805776441632,0.0485764410491341,0.0743106588535453,0.0225543704190563,0.0834659691218372,0.0773292700081929,0.080948245470477,0.0994281247937423,0.089675689623597,0.087285303029777,0.0692095422777765,0.0110884094891919,0.0951428206768129,0.193694688104759,0.0911399126567179,0.0708851641741768,0.0802750868787961,0.0874375938884414,0.0811006123159018,0.0802301190326925,0.09230581235379,0.0767505899000132,0.0853393569423751,0.115993905012289,0.081912805154228,0.0994281247937423,0.082660073880551,0.124285155992178,0.0853336747490369,0.0652497068958934,0.0744087751989462,0.0752459508877388,0.0786246729626193,0.0652497068958934,0.0734089702234,0.0963209958939379,0.0796060667151605,0.0692262748167197,0.0770665085153441,0.129423035526911,0.0768862640468319,0.0773292700081929,0.0744400688110392
2.44071984237175,0.171560768024044,0.0862929989619039,0.127392284891982,0.0905318609131914,0.141770328348354,0.0830496390157764,0.137641693174706,0.064726323120098,0.0310712889980445,0.0751783808337286,0.0391278944616242,0.0749191236548659,0.0996322196882113,0.0745844832193895,0.105642382593351,0.0786907341637046,0.189534862888071,0.0810763967237251,0.183600120166083,0.0801123664798121,0.149957177887556,0.0836915934780939,0.127392284891982,0.0731540414179448,0.108354169278344,0.0558082301335995,0.0741072170911849,0.0524917884798617,0,0,0,0,0,0,0,0,0,0,0,0,0,0,0,0,0,0,0,0,0,0,0,0,0,0,0,0,0,0,0,0,0,0,0,0,0,0,0,0,0,0,0,0,0,0,0,0,0,0,0.0628364251449746,0.0126090186779963,0.090106738094329,0.0539429734206145,0.118070898192569,0.0851518350071747,0.0932138669941335,0.0730631947236818,0.0466069334970667,0.0847598523052127,0.041422993614658,0.0757357740899281,0.0683568357956979,0.0721459604104536,0.126413197491401,0.0738111365563407,0.0259074352262049,0.074334040752448,0.0257764233360643,0.0837624656013099,0.0805513229252009,0.0799018461090129,0.0994281247937423,0.0893650379745836,0.060196760710191,0.0695211718951762,0.0332652284675756,0.0945207929135972,0.206191119595389,0.0918009394766933,0.0708851641741768,0.0802283308541424,0.0809607350818902,0.0814319138551877,0.0802301190326925,0.0921538847289841,0.0567286968826184,0.0853652449607128,0.109549799178273,0.0809138036184573,0.102535253693547,0.0832112895172374,0.121178027092374,0.0852350791911019,0.0683568357956979,0.0753163736894631,0.0692262748167197,0.0794612059035876,0.0745710935953068,0.0740000883027237,0.114963769292765,0.0834537825478048,0.0812656269587579,0.0743715014433415,0.144472225704459,0.0703994654783065,0.083773375842209,0.0755439957805871
2.49226682964889,0.174570606059554,0.0871496763469451,0.130499413791787,0.0894254412420247,0.151436487099378,0.0836653662756548,0.134649482453517,0.0639899196021715,0.0559283201964801,0.0737522768816338,0.027088542319586,0.0749830775916589,0.0934052059576981,0.0757232134577453,0.102535253693547,0.0802872336837616,0.19574912068768,0.0806092667695023,0.192629634272611,0.0778152634721879,0.146833070014898,0.0836602752057855,0.133606542691591,0.0733097149013405,0.162531253917516,0.0851439108371198,0.125660063763313,0.0805956407894856,0,0,0,0,0,0,0,0,0,0,0,0,0,0,0,0,0,0,0,0,0,0,0,0,0,0,0,0,0,0,0,0,0,0,0,0,0,0,0,0,0,0,0,0,0,0,0,0,0.0683568357956979,0.0229608623812395,0.116696218126381,0.0308995137218454,0.133606542691591,0.0808589742956338,0.16778496058944,0.083019010714152,0.0776782224951112,0.0750856367281432,0.0714639646955023,0.0834528485540605,0.0621344904219871,0.0741238702796336,0.0683568357956979,0.0718727022293889,0.126413197491401,0.0691882167043048,0.0226690058229292,0.0752497416183951,0.0257764233360643,0.0829540819452056,0.083773375842209,0.0791193825356869,0.102535253693547,0.0905004042240242,0.0632065987457006,0.0710888032473785,0.0332652284675756,0.0944064630645727,0.215563443213361,0.0951391311450072,0.109549799178273,0.0794106980166707,0.0809607350818902,0.0818769379667708,0.0835730406590546,0.0920415479846027,0.0567286968826184,0.0857483392757297,0.0934395345932331,0.0820775405751462,0.105642382593351,0.0827071552058598,0.121178027092374,0.085479558715135,0.0683568357956979,0.0761366206233605,0.0692262748167197,0.077933426199953,0.0807853513949157,0.0748131533646718,0.121178027092374,0.0803757700480151,0.0842754649942675,0.0763819794558399,0.13544271159793,0.0757341898417189,0.0773292700081929,0.0767153126761312
2.54478298007175,0.180590282130573,0.0868482857521738,0.133606542691591,0.0884255774939376,0.154658540016386,0.0825945653468362,0.134649482453517,0.0650596958662385,0.062142577996089,0.0731707673078393,0.0541770846391719,0.0707412155188269,0.0902916990924415,0.0768455716685651,0.0994281247937423,0.0803587008046687,0.19574912068768,0.0791349933094226,0.195639472308121,0.0785549618359002,0.143708962142241,0.084191187974172,0.124285155992178,0.0734928225673114,0.165541091953025,0.0844539495766122,0.157880592933394,0.0846532154468122,0.0497140623968712,0.0268635131833813,0,0,0,0,0,0,0,0,0,0,0,0,0,0,0,0,0,0,0,0,0,0,0,0,0,0,0,0,0,0,0,0,0,0,0,0,0,0,0,0,0,0,0,0,0.0437375102172037,0.0232831144112577,0.142927929391005,0.0467195431708231,0.143626114617085,0.0570313529644798,0.1398208004912,0.0832307855764429,0.164677831689636,0.0857730296920232,0.0807853513949157,0.0746545407904505,0.0776782224951112,0.0838326949331313,0.0552306581528774,0.0747642303777697,0.062142577996089,0.0721619123597929,0.13243287356242,0.0720961086798413,0.0453380116458585,0.0738562483237436,0.0515528466721286,0.0823131812060714,0.083773375842209,0.078377011523547,0.11185664039296,0.0876741499492752,0.0632065987457006,0.0732572004592376,0.0406575014603701,0.0939577129787674,0.18119825661413,0.093359922112417,0.119215957929297,0.0773158296628617,0.0680070174687877,0.0834467211975755,0.110316413669952,0.0909954304224979,0.0533917147130526,0.0856549994988363,0.0966615875102411,0.0822760914849359,0.102535253693547,0.0831446604757738,0.124285155992178,0.0862561620028757,0.0559283201964801,0.0792003544866651,0.0662164367812101,0.0781921020362282,0.0714639646955023,0.0761216513311164,0.105642382593351,0.0831547376522138,0.129423035526911,0.0736721772838416,0.13243287356242,0.0725605398409708,0.0547748995891366,0.0786346388271876
2.59644712367516,0.183600120166083,0.0859012909653946,0.124285155992178,0.0876127001410015,0.109549799178273,0.0858162904753026,0.137641693174706,0.0590598844047521,0.0838924802947201,0.0718144879043626,0.0541770846391719,0.0700918941523311,0.0871781922271849,0.0770965549604542,0.0683568357956979,0.0821579519523077,0.198856249587485,0.0818913355712912,0.183600120166083,0.0784985213643494,0.134336638524269,0.0833726353559176,0.133606542691591,0.0713695263453528,0.159521415882006,0.0861641910824555,0.157880592933394,0.0847783773896187,0.105642382593351,0.0546497528599298,0,0,0,0,0,0,0,0,0,0,0,0,0,0,0,0,0,0,0,0,0,0,0,0,0,0,0,0,0,0,0,0,0,0,0,0,0,0,0,0,0.0748052680297317,0.0268049310995197,0.0550532998556853,0.0276128133621189,0.0812268046890926,0.048949389571518,0.220606151886116,0.0724796498406657,0.128665061011139,0.0689992095821584,0.130499413791787,0.0844711036530936,0.164677831689636,0.0854792541007046,0.0838924802947201,0.0748479188882157,0.0590354490962845,0.0842846708281497,0.0586825742874322,0.0738326173041937,0.062142577996089,0.0725877904504348,0.141462387668949,0.0724539914325365,0.0647685880655121,0.07419135231046,0.0354425820870884,0.0826486800131686,0.0805513229252009,0.0781626880830948,0.114963769292765,0.0874211641568751,0.087285303029777,0.073206041395704,0.0184806824819864,0.0940731313148553,0.1687018251235,0.0930329858784713,0.109549799178273,0.0793331810794382,0.0841991644851658,0.0825581167305609,0.110316413669952,0.0906710651071086,0.0533917147130526,0.0856430878723763,0.0934395345932331,0.0818787555832732,0.102535253693547,0.0819509777914081,0.136713671591396,0.0869332108593034,0.0652497068958934,0.0766173729342188,0.0722361128522293,0.0772113619485954,0.0714639646955023,0.0760630077021051,0.102535253693547,0.0770532990061932,0.129423035526911,0.0739495357360433,0.102334493207325,0.0733511951371275,0.0547748995891366,0.0764489305040152
2.64635025305931,0.183600120166083,0.0842596720105414,0.124285155992178,0.0890022899038562,0.103105693344257,0.0860616567161899,0.140633903895896,0.0558402864882592,0.0869996091945245,0.0720472431959922,0.0511672466036624,0.0717558524934931,0.0871781922271849,0.0765477510373284,0.0745710935953068,0.0806712762269158,0.205070507387094,0.0817504755256908,0.186609958201592,0.0773703335412331,0.134336638524269,0.084091416352298,0.142927929391005,0.068585513550701,0.156511577846497,0.0857661808382785,0.161102645850402,0.0846462918907291,0.158463573890027,0.0829333762402692,0.0421377324971337,0.0184852493860598,0,0,0,0,0,0,0,0,0,0,0,0,0,0,0,0,0,0,0,0,0,0,0,0,0,0,0,0,0,0,0,0,0,0,0,0,0.062142577996089,0.0197718666468261,0.137641693174706,0.0472162187820909,0.113345029114646,0.0550326947787766,0.121840207033639,0.0753327222173499,0.226820409685725,0.0763794486803719,0.12268063956876,0.0742194858317201,0.130499413791787,0.0858915918296565,0.164677831689636,0.0853280154671659,0.090106738094329,0.0749771725296314,0.0341784178978489,0.0853933503097588,0.0552306581528774,0.0750783963394449,0.0590354490962845,0.0741608394817771,0.150491901775478,0.0729580446369975,0.0518148704524097,0.0735157974183861,0.0547748995891366,0.0828092374128473,0.083773375842209,0.0773515804622225,0.130499413791787,0.086488861912577,0.0933049791007961,0.0709603464954965,0.0184806824819864,0.0935445349886063,0.143708962142241,0.0896553643320064,0.0998836404272492,0.0786857026792403,0.0809607350818902,0.0823871173978215,0.110316413669952,0.091513445884261,0.0433807682043553,0.085592462918869,0.103105693344257,0.0792328000472433,0.102535253693547,0.0800326978948691,0.1398208004912,0.0856278236373896,0.0683568357956979,0.0753852350082918,0.0722361128522293,0.078807474756574,0.0714639646955023,0.076407462421725,0.105642382593351,0.0768091390463117,0.13243287356242,0.0766418225348506,0.126413197491401,0.0682696355497106,0.0612190054231527,0.0760291352810417
2.69944337007391,0.180590282130573,0.0858236686427612,0.114963769292765,0.0902069466464104,0.0966615875102411,0.0874863687873572,0.146618325338274,0.0572122690576754,0.090106738094329,0.0744344558215194,0.0421377324971337,0.0741338710301594,0.0871781922271849,0.0769892593562225,0.0714639646955023,0.0820147139555108,0.217499022986311,0.0828963164140844,0.174570606059554,0.0784133446383312,0.134336638524269,0.0838559153386838,0.133606542691591,0.0710848227367282,0.156511577846497,0.0873692534785775,0.161102645850402,0.0846291561304612,0.158463573890027,0.0831943315074395,0.0451475705326433,0.0449897874450166,0.0692262748167197,0.0193195536634634,0,0,0,0,0,0,0,0,0,0,0,0,0,0,0,0,0,0,0,0,0,0,0,0,0,0,0,0,0.0355102421844741,0.0253292571927513,0.0559283201964801,0.0216565100055824,0.0622378470064638,0.0190942994602513,0.124285155992178,0.0427106765252031,0.188509275434924,0.0713203179875475,0.171636758373607,0.0835914038646661,0.118716099160982,0.0802033399031657,0.229927538585529,0.081570993492698,0.137641693174706,0.0697218212738247,0.0869996091945246,0.0861711896490729,0.170892089489245,0.0833600080383867,0.062142577996089,0.0782396155224946,0.0310712889980445,0.0852150599545128,0.0793940710947612,0.0731755383267258,0.062142577996089,0.0749197923492585,0.102334493207325,0.0747909253217395,0.0518148704524097,0.0728569276235045,0.0515528466721286,0.0826046485939521,0.0934395345932331,0.0771854110014645,0.121178027092374,0.0879650538497843,0.0902951410652866,0.0704990753908406,0.0295690919711783,0.0930362493991759,0.15620539363287,0.0899089835355127,0.0934395345932331,0.0813942114566358,0.0680070174687877,0.0833921844556082,0.113659335296314,0.0903582096169575,0.0233588751869605,0.0850834207574247,0.083773375842209,0.0805310447312701,0.108749511493156,0.0789426301006953,0.149142187190614,0.0842332640096058,0.0807853513949157,0.0732323004619931,0.0722361128522293,0.0783150168712951,0.0683568357956979,0.0771032142555501,0.118070898192569,0.0753985033478872,0.117383683384873,0.0782395451266374,0.13243287356242,0.0714189455128176,0.0612190054231527,0.0769843053158668
2.75109577015135,0.177580444095064,0.0862556994218427,0.114963769292765,0.0893010120187515,0.14821443418237,0.0843398173992876,0.137641693174706,0.0599723848898218,0.0683568357956979,0.0753922442641094,0.0632065987457006,0.0741246266176784,0.0653836441703887,0.0783830656588791,0.102535253693547,0.0793063712889752,0.226820409685725,0.0847040610899514,0.189619796237102,0.0762082956643039,0.140584854269583,0.0860726253369472,0.127392284891982,0.0725928499399314,0.156511577846497,0.0875007147270385,0.16432469876741,0.0845574701107895,0.158463573890027,0.0835121262461583,0.0782557889232484,0.0689589663845033,0.13243287356242,0.0440515154652583,0,0,0,0,0,0,0,0,0,0,0,0,0,0,0,0,0,0,0,0,0,0,0,0,0,0,0.0341784178978489,0.0270529397711684,0.0839332997087568,0.0519295852112269,0.108749511493156,0.0473157930127715,0.124475694012928,0.0453182465315829,0.183320605088462,0.0653290880192573,0.173548221828978,0.0645136367750287,0.178113617180158,0.0840163546419446,0.128088422778954,0.0810959726977976,0.233034667485334,0.0824697510513581,0.137641693174706,0.0683249735446211,0.0838924802947201,0.0863897717573882,0.170892089489245,0.0840429073813896,0.0528211912966756,0.0800445346702006,0.0497140623968712,0.0842117517334311,0.0793940710947612,0.0735544445025922,0.0434998045972623,0.0757751050683539,0.0963148171363057,0.0738178068304348,0.0582917292589609,0.0710466406621208,0.0547748995891366,0.0835064737010727,0.106327746261265,0.0779534607988317,0.124285155992178,0.0881580958998059,0.0662164367812102,0.0711123283604066,0.0295690919711783,0.093034294803394,0.134336638524269,0.0923953937768959,0.0998836404272492,0.0785696447971446,0.0647685880655121,0.0821550464297412,0.110316413669952,0.0903441893822455,0.0233588751869605,0.0847470970208427,0.083773375842209,0.0807015398351873,0.114963769292765,0.0797770012874569,0.142927929391005,0.0829224845034585,0.0776782224951112,0.0732957990097095,0.0752459508877388,0.0771712373748959,0.0466069334970667,0.0768419313146557,0.105642382593351,0.0778949930037107,0.111364007313853,0.0779210318444271,0.144472225704459,0.075963439965019,0.0579969525061447,0.0783795637320362
2.80294950885995,0.183600120166083,0.0867692156245923,0.11185664039296,0.0881793176364895,0.154658540016386,0.0852366014130896,0.143626114617085,0.0591510659500547,0.0652497068958934,0.0758745063500992,0.0722361128522293,0.074103084646053,0.0653836441703887,0.0782682934726029,0.102535253693547,0.0799108029813235,0.226820409685725,0.08571463966466,0.192629634272611,0.0775595106036775,0.134336638524269,0.0869658010139411,0.118070898192569,0.0719873520078187,0.150491901775478,0.0883757892319954,0.161102645850402,0.084300407351299,0.149142187190614,0.0825904196251873,0.0692262748167197,0.0740404137703163,0.192629634272611,0.0709958361606491,0.0451087408381125,0.0222218047316319,0.0499857259625185,0.0227920909826992,0,0,0,0,0,0,0,0,0,0,0,0,0,0,0,0,0,0,0,0,0.0466069334970667,0.025525394214415,0.0683568357956979,0.0546472349554752,0.119443541893231,0.0787277706609539,0.161570702789831,0.0724567932261548,0.183255882852366,0.070256490737375,0.183320605088462,0.0686772369185185,0.170556011107788,0.0656805084867031,0.181352046583434,0.0834517053065132,0.121840207033639,0.0811891907580253,0.236141796385138,0.0812482902182599,0.143626114617085,0.069189240116345,0.0838924802947201,0.0850914420902412,0.161570702789831,0.084684998698733,0.0497140623968712,0.0799924818938929,0.0683568357956979,0.0839430696962832,0.0828459872293161,0.0735139205879784,0.0434998045972623,0.0752167107722635,0.0993246551718152,0.0691240182969753,0.0777223056786146,0.0714262882319438,0.0354425820870884,0.0834705191298513,0.106327746261265,0.0786238808457568,0.118070898192569,0.087361683995867,0.060196760710191,0.0742773322365587,0.0332652284675756,0.093447089478283,0.171825932996157,0.0954999027344636,0.106327746261265,0.0780691520234236,0.0420995822425829,0.0828265624064281,0.113659335296314,0.0901150073478571,0.0433807682043553,0.0843593759347579,0.0902174816762251,0.0793586732181943,0.118070898192569,0.0797186116517741,0.146035058290809,0.0813923344160062,0.0776782224951112,0.0745708551802398,0.0511672466036624,0.0772408433443848,0.0403926756974578,0.0765033899712894,0.108749511493156,0.0772572467360044,0.105344331242834,0.075545323630802,0.150491901775478,0.0718265183883324,0.0547748995891366,0.0775560580223168
2.85375578403653,0.186609958201592,0.0859078344700921,0.105642382593351,0.0886065893369228,0.151436487099378,0.085742062446597,0.149610536059463,0.0600566979667479,0.0590354490962845,0.0743627142494359,0.0722361128522293,0.0731262766235356,0.0560431235746189,0.0785114972901473,0.0994281247937424,0.0783140732363838,0.214391894086507,0.0867384397292698,0.19864931034363,0.0773728826824103,0.131212530651611,0.0856941110240643,0.130499413791787,0.0725488766373624,0.144472225704459,0.0877520785369168,0.157880592933394,0.0830661497194902,0.142927929391005,0.0832289640565476,0.117383683384873,0.0691603725729829,0.183600120166083,0.076837647945588,0.0966615875102411,0.0439590775065588,0.0968473440523797,0.0486059956356015,0.0508675822602176,0.0125854065741383,0.0442090873011421,0.0193829945568795,0,0,0,0,0,0,0,0,0,0,0,0,0.0434998045972623,0.0255068608302006,0.0322205291700804,0.0276577293896692,0.0869996091945246,0.0521583152241116,0.0994281247937423,0.0825058267664121,0.112987134223327,0.081235381407219,0.164677831689636,0.0763801799171772,0.183255882852366,0.0712434336515522,0.183320605088462,0.0692916983014464,0.179532643271356,0.0593802062371393,0.18459047598671,0.0816658778331004,0.121840207033639,0.0792699320474079,0.239248925284943,0.079002374042714,0.152602746780653,0.0704133502307728,0.121178027092374,0.0845138993849913,0.164677831689636,0.0864704753473718,0.0745710935953068,0.0776723817473559,0.0683568357956979,0.0839468973747709,0.0793940710947612,0.0735381615789291,0.0434998045972623,0.0739432036309258,0.141462387668949,0.0671964440475235,0.0550532998556853,0.0740091465483084,0.0289984762530723,0.0841791901621851,0.0998836404272492,0.0784959446521682,0.1398208004912,0.0877705331884359,0.0692262748167197,0.0744120195263772,0.0147845459855891,0.0938011038531809,0.174950040868815,0.0951523507811838,0.122438010846305,0.0782683559356948,0.0712454468720633,0.07988353489937,0.113659335296314,0.0896071322236852,0.0667396433913158,0.0837146976558758,0.103105693344257,0.0766527955270118,0.124285155992178,0.0794156408630437,0.1398208004912,0.0809551831246324,0.0745710935953068,0.0742121023443775,0.060196760710191,0.0770441704369525,0.0434998045972623,0.0755390064001146,0.118070898192569,0.0749818444987469,0.102334493207325,0.0735454440549537,0.153501739810987,0.0707882979254521,0.0676631112571688,0.0756282209661171
2.90453821967075,0.183600120166083,0.0857575958353281,0.102535253693547,0.0895400408540595,0.144992381265362,0.086764003859323,0.155594957501842,0.0609203228948329,0.0807853513949157,0.0734842225307608,0.0692262748167197,0.0729894755110355,0.0840646853619283,0.0769370937791285,0.102535253693547,0.0778587482175489,0.211284765186702,0.084139646156271,0.20466898641465,0.0811364181714338,0.131212530651611,0.0847767310698838,0.090106738094329,0.0749808535725139,0.153501739810987,0.0878501895577466,0.157880592933394,0.0814449307672677,0.133606542691591,0.0826599541001677,0.114373845349363,0.0715134849185635,0.186609958201592,0.0779522282806445,0.141770328348354,0.0669632244556937,0.146833070014898,0.074695255275193,0.101735164520435,0.0279172518049583,0.0757870068019578,0.040301177148428,0.0133479286782632,0.0228965667204203,0,0,0,0,0,0,0,0,0.0285348348514583,0.022806372189538,0.0838924802947201,0.0508219153510071,0.0676631112571688,0.0547777942763413,0.130499413791787,0.0791345965172917,0.0994281247937423,0.0833111972233942,0.119443541893231,0.0830349004626438,0.16778496058944,0.0752681994149749,0.124475694012928,0.0776683906035226,0.186427733988267,0.0700155078320716,0.170556011107788,0.0658292129367548,0.181352046583434,0.0825391908417502,0.118716099160982,0.0802720626763195,0.239248925284943,0.0797883019028316,0.140633903895896,0.0706563984149164,0.127392284891982,0.0843002106196657,0.16778496058944,0.0862828201321301,0.0869996091945246,0.0756772302617117,0.0497140623968712,0.0838392415802803,0.0759421549602064,0.074458755800705,0.0652497068958934,0.0730831569291907,0.138452549633439,0.0693611173429741,0.0420995822425829,0.0768038890512271,0.0451087408381125,0.0827460507772601,0.0805513229252009,0.078960344656504,0.102535253693547,0.0898837860789385,0.0963148171363057,0.0734162126077586,0.0369613649639729,0.0932432675749693,0.209315227468046,0.0940010189742097,0.13210416959733,0.080404988418949,0.0680070174687877,0.0797281619846704,0.117002256922677,0.0895867703353103,0.0934355007478421,0.0826506822104659,0.0998836404272492,0.0766837976652125,0.121178027092374,0.0768887109634326,0.133606542691591,0.0795952528603371,0.0745710935953068,0.0747501069789513,0.0571869226746815,0.076488915544258,0.0683568357956979,0.075000783455031,0.124285155992178,0.0752540710136682,0.111364007313853,0.0733445910962884,0.13544271159793,0.0692633679240129,0.0676631112571688,0.076856337774184
2.95553063502566,0.177580444095064,0.0859025158854799,0.0994281247937424,0.0895149905304042,0.141770328348354,0.0846160392132711,0.149610536059463,0.0635486383677196,0.0776782224951112,0.0726632996200827,0.0662164367812102,0.0708698282261673,0.0591566304398755,0.0793207792027605,0.0869996091945246,0.0802671333266481,0.208177636286898,0.0834548113084764,0.192629634272611,0.080509944895406,0.137460746396926,0.0840140955388294,0.090106738094329,0.0763641724244448,0.168550929988535,0.0860165879135322,0.157880592933394,0.0819133586137052,0.146035058290809,0.0839300700286195,0.123403359455892,0.0699353416659729,0.192629634272611,0.0792551361040983,0.144992381265362,0.0695390767541896,0.137460746396926,0.0779764869909398,0.143626114617085,0.0456118537507349,0.107364926302774,0.0617950986408659,0.0333698216956579,0.0457774914069285,0.0233588751869605,0.0181689052451292,0.068973161447044,0,0,0,0.0266958573565263,0.0202235115257194,0.0535028153464843,0.0464788316833404,0.127392284891982,0.0735164652480137,0.106327746261265,0.0821276757466622,0.121178027092374,0.080571497523021,0.102535253693547,0.0840165326599111,0.129128153398087,0.0823246256187024,0.16778496058944,0.0757848857017264,0.134848668514005,0.0737706450205076,0.189534862888071,0.0721784567519583,0.16457158966541,0.0673604967385261,0.178113617180158,0.0827757487053187,0.118716099160982,0.0794993788824133,0.239248925284943,0.0791645202832148,0.119688428847571,0.0688635888507999,0.11185664039296,0.086482107077078,0.180213476188658,0.083214009340163,0.090106738094329,0.0749926955605956,0.0466069334970667,0.0837229306484162,0.0690383226910967,0.074407511770264,0.0683568357956979,0.072729595440641,0.117383683384873,0.0772839851564123,0.0453380116458585,0.0751195368504126,0.0612190054231527,0.0825203479161785,0.0741072170911849,0.0798027662830618,0.121178027092374,0.0911812564533513,0.0963148171363057,0.0719317161521685,0.0480497744531647,0.0930457966542553,0.193694688104759,0.0927716556161696,0.13210416959733,0.0810523724433835,0.100391311501544,0.0790297234761696,0.10697349204359,0.0888100520565551,0.0867615364087105,0.0821661906839974,0.0902174816762251,0.0779730455892205,0.0807853513949157,0.0778559708958838,0.130499413791787,0.0790859917855562,0.0745710935953068,0.0713300409237591,0.0842754649942675,0.0733247634286958,0.0807853513949157,0.0732351672761897,0.108749511493156,0.0772666154588164,0.105344331242834,0.0731018529110978,0.13544271159793,0.0677991953465123,0.0644410583401607,0.0778457471606356
3.00741089941406,0.174570606059554,0.0847907991328612,0.11185664039296,0.0887013700816063,0.14821443418237,0.0825151103126063,0.119688428847571,0.0662884044187154,0.0776782224951112,0.0719116019472123,0.0692262748167197,0.0720167519592097,0.0653836441703887,0.0783219311856626,0.0932138669941334,0.0804422341608119,0.22371328078592,0.0838660585932865,0.195639472308121,0.0793038591053921,0.140584854269583,0.0841048768363727,0.0869996091945246,0.0748221934182907,0.177580444095064,0.0854885250115566,0.161102645850402,0.0827341150935918,0.155356444990222,0.0859342991485321,0.111364007313853,0.072387624135764,0.177580444095064,0.0822637586060563,0.135326222514338,0.0714836598929962,0.146833070014898,0.0779097162926504,0.143626114617085,0.0480441505437764,0.0947337585024473,0.061445008956766,0.0500547325434868,0.0692066565620695,0.0533917147130526,0.0382182842837493,0.095962659404583,0.0118107122906296,0.00310712889980445,0.0197235930223955,0.0300328395260921,0.0436772146151818,0.0749039414850781,0.0695257466728702,0.124285155992178,0.0715595464400723,0.112771852095281,0.0827690610561057,0.118070898192569,0.0818638611501179,0.102535253693547,0.0851258244290228,0.158181987912657,0.0836715947366103,0.16778496058944,0.0789218003423327,0.145221643015082,0.0740302418722646,0.183320605088462,0.0725332656619808,0.158587168223031,0.0686951484678221,0.174875187776883,0.0836149589078583,0.124964314906296,0.0767442932675049,0.236141796385138,0.0771783626143661,0.113704007405192,0.0687173768333229,0.114963769292765,0.0862464332698794,0.170892089489245,0.0833923207148975,0.090106738094329,0.0755820269736021,0.0434998045972623,0.0835592619083778,0.0724902388256516,0.0731410709472174,0.0559283201964801,0.0735322186864243,0.13544271159793,0.0790850595437515,0.0712454468720633,0.0729423490554952,0.0708851641741768,0.0811793137006532,0.0676631112571688,0.0812067368860804,0.0963209958939379,0.0914383083117514,0.0902951410652866,0.0717592745468696,0.0554420474459593,0.0928040099775321,0.206191119595389,0.093433970502119,0.125660063763313,0.0812881380187231,0.0971528820982682,0.0801243062167418,0.110316413669952,0.0894253915027274,0.0934355007478421,0.0816224522986806,0.086995428759217,0.0776554557006732,0.0869996091945246,0.0761117791750738,0.118070898192569,0.078000164251039,0.0745710935953068,0.0703575215585698,0.0571869226746815,0.0748147061493809,0.0807853513949157,0.0725908547336118,0.0994281247937424,0.0766505972252911,0.117383683384873,0.0747081862487329,0.120393521420382,0.0652245698914374,0.0515528466721286,0.0773573642661626
3.05670476903632,0.174570606059554,0.0835084030195383,0.127392284891982,0.0896188389261327,0.154658540016386,0.0814863485386371,0.110711796684003,0.0659990069367651,0.0776782224951112,0.0718851151853632,0.0812656269587579,0.071313149791526,0.0716106579009019,0.076340347548137,0.0869996091945245,0.0828574933747693,0.220606151886116,0.0852135734994542,0.192629634272611,0.0765367966536628,0.134336638524269,0.0827849648757948,0.124285155992178,0.0719838954187459,0.180590282130573,0.0842790919832843,0.157880592933394,0.0835312191114178,0.155356444990222,0.0864247916868623,0.111364007313853,0.0687555538774414,0.174570606059554,0.0847526819089029,0.138548275431346,0.0710402110402283,0.146833070014898,0.0782451309774099,0.152602746780653,0.0492421090732235,0.0915759665523657,0.0622121269439989,0.0567286968826184,0.0695645886728398,0.0834245542391447,0.0591848029603016,0.119953324255729,0.0281875410659766,0.0217499022986311,0.0390069759919437,0.0533917147130526,0.0658493956244642,0.0749039414850781,0.0703807927124496,0.127392284891982,0.0696728409306389,0.112771852095281,0.0834264015238459,0.114963769292765,0.0816258053277357,0.0994281247937423,0.085565329340657,0.138812764902944,0.0815865216127044,0.170892089489245,0.0790999646357744,0.207459490021546,0.0641309545071668,0.183320605088462,0.0730674017960246,0.167563800386599,0.0667973496411308,0.171636758373607,0.0848129359746067,0.121840207033639,0.0752622109690827,0.236141796385138,0.0739597371707422,0.113704007405192,0.0702485759218618,0.108749511493156,0.0861777902280698,0.16778496058944,0.0834557704616312,0.090106738094329,0.0735458784923624,0.0434998045972623,0.0849126129510508,0.0759421549602064,0.07196913754876,0.0528211912966756,0.0732549751491621,0.129423035526911,0.079011382628514,0.0777223056786146,0.0718387421410406,0.0515528466721286,0.0821024971114844,0.0773292700081929,0.0793034163610388,0.149142187190614,0.0893183518631438,0.0963148171363057,0.0707682492454899,0.0332652284675756,0.0932855343940325,0.212439335340704,0.0936592741182882,0.112771852095281,0.0782164124135508,0.0939144526949926,0.0802142493769552,0.0768871974063303,0.0891564971525483,0.0900985185782763,0.0822209691636375,0.0902174816762251,0.075963814602942,0.0932138669941335,0.0758085647610085,0.124285155992178,0.0769955889329933,0.062142577996089,0.0697320158855241,0.0571869226746815,0.0727350854286466,0.0838924802947201,0.0710074793103102,0.0869996091945246,0.0777513575227502,0.105344331242834,0.0724343087072757,0.144472225704459,0.0580757185317473,0.0612190054231527,0.0744272326283567
3.10770125849919,0.180590282130573,0.0819445872100647,0.124285155992178,0.0894655248288551,0.154658540016386,0.0818867331935713,0.110711796684003,0.0625291352855817,0.0807853513949157,0.0710206056668393,0.0842754649942675,0.0696978580526692,0.102745726553468,0.0732992425139711,0.102535253693547,0.0802309114525134,0.229927538585529,0.0862136992507748,0.216708338556688,0.0770548403711414,0.124964314906296,0.0829783750988638,0.130499413791787,0.0687859981864106,0.165541091953025,0.0855726114754839,0.157880592933394,0.0838767917812337,0.155356444990222,0.0858540597366742,0.114373845349363,0.071996370684044,0.171560768024044,0.0861831581054236,0.135326222514338,0.0706784970815628,0.149957177887556,0.0773240434408864,0.16457158966541,0.0475663661648224,0.0884181746022841,0.0626213170771854,0.0600656790521842,0.0700259648759937,0.0867615364087105,0.0620591661312374,0.0779696607662237,0.0420183827894546,0.0248570311984356,0.0589893913191273,0.0300328395260921,0.0699259926383626,0.0749039414850781,0.0705035186745898,0.121178027092374,0.0711606690818573,0.103105693344257,0.0851085314650479,0.118070898192569,0.0819004174288175,0.090106738094329,0.0852674127017514,0.142040968737896,0.0824436896011319,0.177106347288854,0.0811395871640132,0.210917148188572,0.0654187299974987,0.186427733988267,0.0725607409409538,0.176540432550167,0.0667823821620895,0.174875187776883,0.0847058247720865,0.128088422778954,0.0751285761733364,0.236141796385138,0.0733552082813388,0.119688428847571,0.0712910193995539,0.118070898192569,0.0854237955079035,0.173999218389049,0.0855268975558923,0.0963209958939379,0.0731415074913269,0.0528211912966756,0.0845477781065614,0.0828459872293161,0.0705174927818233,0.0528211912966756,0.0730909824322151,0.126413197491401,0.0770970991609361,0.0809607350818902,0.0717340662533362,0.0547748995891366,0.0820294216977876,0.083773375842209,0.0773894491357266,0.142927929391005,0.0864697420307835,0.0963148171363057,0.0708136504093526,0.0184806824819864,0.0946494558320135,0.215563443213361,0.0934370875502818,0.122438010846305,0.0769959804421138,0.090676023291717,0.0797933143131708,0.0802301190326925,0.0880661540757567,0.0934355007478421,0.0808972191752438,0.0934395345932331,0.075874593948429,0.127392284891982,0.0702527957265139,NaN,NaN,0.062142577996089,0.0671460223649145,0.0300983803550955,0.0729866262867742,0.0745710935953068,0.0719066079720644,0.090106738094329,0.0773552950399035,0.0993246551718152,0.0720120920738943,0.087285303029777,0.0695931525717949,0.0644410583401607,0.0726535368122005
3.15858419496691,0.183600120166083,0.0793729710159001,0.0869996091945246,0.0916238746519374,0.154658540016386,0.0832745031755558,0.125672850289949,0.0529828779240538,0.0807853513949157,0.0705182459026519,0.087285303029777,0.0700482890460448,0.0996322196882113,0.0737448193523715,0.114963769292765,0.0782571374227687,0.226820409685725,0.083430717030659,0.231757528734235,0.0774262709406032,0.124964314906296,0.0821085996550283,0.136713671591396,0.0651774238735551,0.162531253917516,0.0849160848097279,0.154658540016386,0.08398108171746,0.155356444990222,0.083541367539827,0.129423035526911,0.0701939651069578,0.192629634272611,0.0839040078504011,0.144992381265362,0.0710412761434262,0.146833070014898,0.0795153094003171,0.173548221828978,0.0482179869755486,0.0884181746022841,0.0656931860883293,0.0600656790521842,0.0701280061084155,0.0600656790521842,0.0653329357458653,0.0779696607662237,0.0481928012284242,0.0248570311984356,0.0584856231875578,0.0533917147130526,0.0693897445365227,0.0784707958415104,0.0713759183908403,0.0838924802947201,0.0744844779053981,0.0966615875102411,0.0847174114454163,0.114963769292765,0.0815642006313094,0.0838924802947201,0.0849337886767113,0.135584561067992,0.0790166850270868,0.180213476188658,0.0770171069787863,0.207459490021546,0.0644383339683143,0.19574912068768,0.0707039775881751,0.179532643271356,0.0697173662727338,0.178113617180158,0.0844877135466982,0.115591991288324,0.0785985077221353,0.236141796385138,0.0743419752685878,0.137641693174706,0.0751093081989077,0.108749511493156,0.0866896152497201,0.173999218389049,0.0851439810740854,0.0963209958939379,0.070418977985566,0.0528211912966756,0.0849719616741102,0.0828459872293161,0.0700012695649512,0.0652497068958934,0.0728126962320534,0.114373845349363,0.0692567008694856,0.0712454468720633,0.0725948982527233,0.0289984762530723,0.0837062981134771,0.0902174816762251,0.0754497293022597,0.161570702789831,0.0847255508895916,0.108354169278344,0.0702080953336554,0.0110884094891919,0.095178838068699,0.209315227468046,0.0902302724956146,0.115993905012289,0.0759329696440182,0.0971528820982682,0.0787062193525822,0.0835730406590546,0.0870196388431643,0.100109465086974,0.0810741981813338,0.0998836404272492,0.0751158488115469,NaN,NaN,NaN,NaN,0.0652497068958934,0.0655264711832143,0.0511672466036624,0.0662096437548094,0.0776782224951112,0.0711921399000238,0.090106738094329,0.0768145569858685,0.0993246551718152,0.0693965774943037,0.0692262748167197,0.0782046345491276,0.086995428759217,0.0708619873787241
3.20943909329924,0.192629634272611,0.0800449538180795,0.0838924802947201,0.0903465504461001,0.14821443418237,0.0835157654823018,0.125672850289949,0.0524801880818269,0.0838924802947201,0.0698587893782476,0.087285303029777,0.0690943058480582,0.0934052059576981,0.0736276674388211,0.118070898192569,0.0756557636831163,0.22371328078592,0.0784481188903719,0.240787042840764,0.074385321784945,0.128088422778954,0.0826601497940998,0.146035058290809,0.0650362905405648,0.153501739810987,0.0866730700135614,0.157880592933394,0.0843374483850738,0.161570702789831,0.0829352358796264,0.147482063739968,0.0662673954047336,0.20165914837914,0.0830855609356883,0.151436487099378,0.0739511962298647,0.140584854269583,0.0777509610488913,0.182524853992545,0.0577507794661029,0.0947337585024473,0.0649899751833534,0.0600656790521842,0.0712461100322464,0.0600656790521842,0.0656929561436423,0.0779696607662237,0.0474982877987318,0.0248570311984356,0.0581485194167663,0.0333698216956579,0.071519616511387,0.0642033784157812,0.0723793453112642,0.0714639646955023,0.0751235540223326,0.0644410583401607,0.08536158276548,0.121178027092374,0.0822251974885349,0.0869996091945246,0.0857137060562816,0.151725580242753,0.0781016424197065,0.177106347288854,0.0763648263152967,0.210917148188572,0.0648163489304862,0.198856249587485,0.0704250432189712,0.182524853992545,0.0668700539936509,0.187828905389985,0.0817007940931938,0.124964314906296,0.0765664682511099,0.236141796385138,0.0755668989519263,0.140633903895896,0.0744226563741667,0.105642382593351,0.0869559457147978,0.173999218389049,0.0855502815029417,0.102535253693547,0.071972467921851,0.0714639646955023,0.0828023087695085,0.0862979033638709,0.0688291081524896,0.0652497068958934,0.0720708594376525,0.126413197491401,0.0701562721337651,0.074483876275339,0.072506404724882,0.0483307937551206,0.0829349807874284,0.0741072170911849,0.0773406733539717,0.142927929391005,0.0835032779507847,0.111364007313853,0.0685003705558211,0.0332652284675756,0.0934837802405774,0.187446472359445,0.0852167902381508,0.128882116680321,0.0764535916696861,0.100391311501544,0.0787860761120572,0.120345178549039,0.0854290175788213,0.106783429426105,0.0794300954724348,0.103105693344257,0.0663740599118419,NaN,NaN,NaN,NaN,0.0869996091945246,0.0605899201876019,0.0511672466036624,0.0653324149300594,0.0714639646955023,0.0705420128256632,0.0869996091945246,0.0743588804736265,0.102334493207325,0.0684794256946416,0.0632065987457006,0.0812239005698486,0.083773375842209,0.0705773159768257
3.25576443560603,0.195639472308121,0.0805901153215628,0.0869996091945246,0.0894103348298575,0.14821443418237,0.0829919358133917,0.110711796684003,0.055522469223671,0.0838924802947201,0.0693245962656038,0.087285303029777,0.0708510259783694,0.0965187128229547,0.0736723941933179,0.118070898192569,0.0750064168733259,0.214391894086507,0.0742665391281416,0.228747690698726,0.0756262855410059,0.143708962142241,0.0837500851254502,0.149142187190614,0.0650066521814397,0.162531253917516,0.086037782926243,0.154658540016386,0.0841955785858126,0.155356444990222,0.0837803406448679,0.150491901775478,0.0659576499032495,0.20466898641465,0.078615322874687,0.154658540016386,0.0727171565796117,0.137460746396926,0.0771327657659221,0.158587168223031,0.0434594740940781,0.0694714229017947,0.0668446649277086,0.0400437860347895,0.0718814892168454,0.0567286968826184,0.0643132533112042,0.0719719945534372,0.0472741537063443,0.0434998045972623,0.0564101983912709,0.0600656790521842,0.0688486968107299,0.0642033784157812,0.072542638413165,0.0372855467976534,0.0772957247832717,0.0741072170911849,0.0821576136260587,0.121178027092374,0.0817605171328522,0.0932138669941335,0.0866791379999317,0.151725580242753,0.0747322614681409,0.180213476188658,0.0742345868894804,0.210917148188572,0.0643904863753713,0.201963378487289,0.068063549674777,0.185517064713735,0.0641664365447159,0.187828905389985,0.0810496716985746,0.0874750204344075,0.0790466072846219,0.239248925284943,0.0759926657467398,0.125672850289949,0.0760386262346853,0.11185664039296,0.085474747358806,0.177106347288854,0.0828876772189629,0.102535253693547,0.0714788358266061,0.0745710935953068,0.0813833638395271,0.0897498194984258,0.0702544899220419,0.0466069334970667,0.073324333381791,0.150491901775478,0.0593314336048694,0.0712454468720633,0.0750237308110562,0.0579969525061447,0.0801099090608139,0.0483307937551206,0.079816106940207,0.121178027092374,0.0854052244549756,0.117383683384873,0.0689097322105476,0.051745910949562,0.0917404557960303,0.178074148741472,0.0850345744116739,0.115993905012289,0.0773604515799912,0.110106599711371,0.0776032143463888,0.120345178549039,0.0847097924169849,0.110120411595671,0.0790259511125223,NaN,NaN,NaN,NaN,NaN,NaN,NaN,NaN,0.0933049791007961,0.0531603459955697,0.0745710935953068,0.0656803391946557,0.0994281247937424,0.0719881844303022,0.0993246551718152,0.0669315456774598,0.105344331242834,0.0719615934341586,0.086995428759217,0.0685108621923133
3.30717601105257,0.19864931034363,0.082281747204456,0.118070898192569,0.0844013184488271,0.151436487099378,0.0826195710268287,0.125672850289949,0.0546020806439284,0.0807853513949157,0.0704540909474115,0.0933049791007961,0.0675404916098333,0.0996322196882113,0.0740851160098933,0.090106738094329,0.0787807371299287,0.214391894086507,0.0733380322150663,0.210688662485669,0.0719059020960475,0.143708962142241,0.084097156878043,0.146035058290809,0.0674738232363834,0.165541091953025,0.0850987037146459,0.161102645850402,0.0854758583306777,0.152249316090418,0.0842238610857314,0.141462387668949,0.0660677567484467,0.207678824450159,0.0805023921681173,0.154658540016386,0.0714206772048696,0.137460746396926,0.0740460297998913,0.185517064713735,0.0577333486163351,0.0726292148518762,0.0652661694030649,0.0266958573565263,0.0733647646258587,0.0800875720695789,0.0603284440302471,0.068973161447044,0.0416207609127579,0.0559283201964801,0.0564970465369926,0.06340266122175,0.0667918874344201,0.0677702327722135,0.0714772278234202,0.0807853513949157,0.0736045541614717,0.0741072170911849,0.0821581532382382,0.118070898192569,0.0819909794638546,0.11185664039296,0.0874946235127833,0.145269172572848,0.0747804170292447,0.177106347288854,0.0740009481960129,0.207459490021546,0.0634888865874246,0.205070507387094,0.0696809100446184,0.188509275434924,0.0626619905046683,0.191067334793261,0.0796132424824809,0.0999714519250371,0.0789648885130066,0.239248925284943,0.0768600707180783,0.0987429537992459,0.0741296925883019,0.114963769292765,0.0840620199523991,0.183320605088462,0.0832200896498113,0.118070898192569,0.0723478627428453,0.0745710935953068,0.0801440335024535,0.0655864065565419,0.0733840321141612,0.0466069334970667,0.0724040926930093,0.141462387668949,0.0657341671236013,0.0550532998556853,0.0735902565697582,0.0708851641741768,0.0781204084192177,0.0225543704190563,0.0805236343163042,0.136713671591396,0.0870282779427518,0.111364007313853,0.0677748954916352,0.0813150029207403,0.0895857477552882,0.15620539363287,0.0887338751352219,0.115993905012289,0.0760397376815573,0.106868170308095,0.076758994906228,0.117002256922677,0.081309011044123,0.116794375934803,0.0758866041193921,NaN,NaN,NaN,NaN,NaN,NaN,NaN,NaN,NaN,NaN,NaN,NaN,0.114963769292765,0.0665502620944505,0.0963148171363057,0.0633756910764347,0.114373845349363,0.0678259037835425,0.0902174816762251,0.0653879889425674
3.35553461754704,0.19864931034363,0.0819956585576218,0.107195947043253,0.0828156041291394,0.154658540016386,0.0828616894598906,0.130161166371733,0.0523411779931882,0.0792317869450134,0.0701379152639344,0.0902951410652866,0.0666655873850669,0.102745726553468,0.0762204640300046,0.0838924802947201,0.0808011852607606,0.219052587436214,0.0746271749990928,0.19864931034363,0.0727988100758596,0.149957177887556,0.0842177630855153,0.144481493840907,0.0660548118341176,0.171560768024044,0.0834494386454077,0.159491619391898,0.0865835583357589,0.149142187190614,0.0852067136230715,0.139957468651194,0.0709561581358891,0.203164067396895,0.0794780604646982,0.149825460640874,0.068925088533096,0.140584854269583,0.074078555740449,0.175044327189572,0.0475061285482704,0.0568402551014684,0.0664261195938894,0.0100109465086974,0.0734882428062559,0.0750820988152303,0.0585028574338768,0.0674737448938474,0.038907668350655,0.0559283201964801,0.0563261510073539,0.0900985185782763,0.0637347516754101,0.0802542230197265,0.0702185740108184,0.0745710935953068,0.0743056935497461,0.106327746261265,0.0806048648456432,0.107195947043253,0.0818876357037467,0.116517333742667,0.0876253364901425,0.14042686682042,0.0740710285299459,0.18176704063856,0.074891643091611,0.207459490021546,0.060541882450573,0.2097312007368,0.0691252308826487,0.188509275434924,0.061439767535739,0.189448120091623,0.0784366615817845,0.0749785889437778,0.0823769575479757,0.23769536083504,0.0771134705846151,0.089766321635678,0.0747931043608335,0.121178027092373,0.0831405014278984,0.186427733988267,0.0825946024524105,0.116517333742667,0.071279588624695,0.0792317869450134,0.07961232387835,0.0517787420183225,0.075772471557367,0.0372855467976534,0.0731984576204951,0.139957468651194,0.0585283775139644,0.0437187969442207,0.0737698388862776,0.0724961906326808,0.0758447550033135,0.00966615875102411,0.0808307058834164,0.149142187190614,0.0885278621096456,0.108354169278344,0.069582540905335,0.0831630711689389,0.0900767130425427,0.154643339696542,0.0932964171771141,0.106327746261265,0.0767803613319646,0.111725814413008,0.0756297169852539,0.115330796109495,0.080011672649272,0.125136831358717,0.0744409585572443,NaN,NaN,NaN,NaN,NaN,NaN,NaN,NaN,NaN,NaN,NaN,NaN,0.130499413791787,0.0639353417331486,0.0993246551718152,0.062177323177499,0.10383941222508,0.0683950779995284,0.086995428759217,0.0631819580264146
